INSERT INTO "auth"."audit_log_entries" ("instance_id", "id", "payload", "created_at", "ip_address") VALUES
	('00000000-0000-0000-0000-000000000000', '1ebddc8c-f812-4d07-adb2-dbb739ddce5c', '{"action":"user_signedup","actor_id":"172819f2-39f0-4e51-8ab2-ede83b51f8d8","actor_username":"gswitalski@gmail.com","actor_via_sso":false,"log_type":"team","traits":{"provider":"email"}}', '2025-10-28 15:26:13.803314+00', ''),
	('00000000-0000-0000-0000-000000000000', '279c025c-b559-4d55-a578-b2931e9f8997', '{"action":"login","actor_id":"172819f2-39f0-4e51-8ab2-ede83b51f8d8","actor_username":"gswitalski@gmail.com","actor_via_sso":false,"log_type":"account","traits":{"provider":"email"}}', '2025-10-28 15:26:13.808135+00', ''),
	('00000000-0000-0000-0000-000000000000', '4e776b8a-ca2c-43d4-b9ed-8b55cafd752a', '{"action":"login","actor_id":"172819f2-39f0-4e51-8ab2-ede83b51f8d8","actor_username":"gswitalski@gmail.com","actor_via_sso":false,"log_type":"account","traits":{"provider":"email"}}', '2025-10-28 15:26:13.985006+00', ''),
	('00000000-0000-0000-0000-000000000000', '094a65b1-7463-4b3a-84a5-7c0b4a58af97', '{"action":"login","actor_id":"172819f2-39f0-4e51-8ab2-ede83b51f8d8","actor_username":"gswitalski@gmail.com","actor_via_sso":false,"log_type":"account","traits":{"provider":"email"}}', '2025-11-04 23:14:42.897176+00', ''),
	('00000000-0000-0000-0000-000000000000', '89e1d1e1-18cf-4708-a465-6834ba4f98fe', '{"action":"logout","actor_id":"172819f2-39f0-4e51-8ab2-ede83b51f8d8","actor_username":"gswitalski@gmail.com","actor_via_sso":false,"log_type":"account"}', '2025-11-04 23:16:56.925199+00', ''),
	('00000000-0000-0000-0000-000000000000', '4360602f-b544-4bb2-b821-783a5a8fed8e', '{"action":"user_signedup","actor_id":"fdc052e9-7fce-445a-ad86-c072b90cdd5f","actor_username":"test@grsw.pl","actor_via_sso":false,"log_type":"team","traits":{"provider":"email"}}', '2025-11-04 23:18:43.020775+00', ''),
	('00000000-0000-0000-0000-000000000000', '08cfa9e0-4430-4efd-b7e8-8a17f7017847', '{"action":"login","actor_id":"fdc052e9-7fce-445a-ad86-c072b90cdd5f","actor_username":"test@grsw.pl","actor_via_sso":false,"log_type":"account","traits":{"provider":"email"}}', '2025-11-04 23:18:43.027594+00', ''),
	('00000000-0000-0000-0000-000000000000', '4da3b398-9c85-4a0e-a5f4-5af4d45c9299', '{"action":"login","actor_id":"fdc052e9-7fce-445a-ad86-c072b90cdd5f","actor_username":"test@grsw.pl","actor_via_sso":false,"log_type":"account","traits":{"provider":"email"}}', '2025-11-04 23:18:43.140564+00', '');


INSERT INTO "auth"."users" ("instance_id", "id", "aud", "role", "email", "encrypted_password", "email_confirmed_at", "invited_at", "confirmation_token", "confirmation_sent_at", "recovery_token", "recovery_sent_at", "email_change_token_new", "email_change", "email_change_sent_at", "last_sign_in_at", "raw_app_meta_data", "raw_user_meta_data", "is_super_admin", "created_at", "updated_at", "phone", "phone_confirmed_at", "phone_change", "phone_change_token", "phone_change_sent_at", "email_change_token_current", "email_change_confirm_status", "banned_until", "reauthentication_token", "reauthentication_sent_at", "is_sso_user", "deleted_at", "is_anonymous") VALUES
	('00000000-0000-0000-0000-000000000000', '172819f2-39f0-4e51-8ab2-ede83b51f8d8', 'authenticated', 'authenticated', 'gswitalski@gmail.com', '$2a$10$OSGABVZeuWYZyB6kPggkquZhr1YLOGsQiaMJdfAqYDGaWbI0AzOmC', '2025-10-28 15:26:13.804254+00', NULL, '', NULL, '', NULL, '', '', NULL, '2025-11-04 23:14:42.899764+00', '{"provider": "email", "providers": ["email"]}', '{"sub": "172819f2-39f0-4e51-8ab2-ede83b51f8d8", "email": "gswitalski@gmail.com", "display_name": "Grzegorz", "email_verified": true, "phone_verified": false}', NULL, '2025-10-28 15:26:13.79084+00', '2025-11-04 23:14:42.909686+00', NULL, NULL, '', '', NULL, '', 0, NULL, '', NULL, false, NULL, false),
	('00000000-0000-0000-0000-000000000000', 'fdc052e9-7fce-445a-ad86-c072b90cdd5f', 'authenticated', 'authenticated', 'test@grsw.pl', '$2a$10$cRrGzvsYWWnjpzP4yRD0pOwob3GRn9/PheZFITgfFOXnTyuvYDspu', '2025-11-04 23:18:43.021507+00', NULL, '', NULL, '', NULL, '', '', NULL, '2025-11-04 23:18:43.141497+00', '{"provider": "email", "providers": ["email"]}', '{"sub": "fdc052e9-7fce-445a-ad86-c072b90cdd5f", "email": "test@grsw.pl", "display_name": "Testowy", "email_verified": true, "phone_verified": false}', NULL, '2025-11-04 23:18:43.005867+00', '2025-11-04 23:18:43.143416+00', NULL, NULL, '', '', NULL, '', 0, NULL, '', NULL, false, NULL, false);

INSERT INTO "auth"."identities" ("provider_id", "user_id", "identity_data", "provider", "last_sign_in_at", "created_at", "updated_at", "id") VALUES
	('172819f2-39f0-4e51-8ab2-ede83b51f8d8', '172819f2-39f0-4e51-8ab2-ede83b51f8d8', '{"sub": "172819f2-39f0-4e51-8ab2-ede83b51f8d8", "email": "gswitalski@gmail.com", "display_name": "Grzegorz", "email_verified": false, "phone_verified": false}', 'email', '2025-10-28 15:26:13.800012+00', '2025-10-28 15:26:13.80005+00', '2025-10-28 15:26:13.80005+00', '254bb5a7-80b4-409f-b77a-282c974ef78a'),
	('fdc052e9-7fce-445a-ad86-c072b90cdd5f', 'fdc052e9-7fce-445a-ad86-c072b90cdd5f', '{"sub": "fdc052e9-7fce-445a-ad86-c072b90cdd5f", "email": "test@grsw.pl", "display_name": "Testowy", "email_verified": false, "phone_verified": false}', 'email', '2025-11-04 23:18:43.015629+00', '2025-11-04 23:18:43.015673+00', '2025-11-04 23:18:43.015673+00', '5adeb896-c3b0-4db8-b553-2343ecc13b8c');


INSERT INTO "auth"."sessions" ("id", "user_id", "created_at", "updated_at", "factor_id", "aal", "not_after", "refreshed_at", "user_agent", "ip", "tag", "oauth_client_id") VALUES
	('efc767ea-8c3e-4e57-9d1b-4d8b31f6b849', 'fdc052e9-7fce-445a-ad86-c072b90cdd5f', '2025-11-04 23:18:43.028174+00', '2025-11-04 23:18:43.028174+00', NULL, 'aal1', NULL, NULL, 'Deno/2.1.4 (variant; SupabaseEdgeRuntime/1.69.14)', '172.18.0.11', NULL, NULL),
	('ae111b62-f5f1-4d63-a641-506290193da1', 'fdc052e9-7fce-445a-ad86-c072b90cdd5f', '2025-11-04 23:18:43.141548+00', '2025-11-04 23:18:43.141548+00', NULL, 'aal1', NULL, NULL, 'Mozilla/5.0 (Windows NT 10.0; Win64; x64) AppleWebKit/537.36 (KHTML, like Gecko) Chrome/141.0.0.0 Safari/537.36', '172.18.0.1', NULL, NULL);

INSERT INTO "auth"."mfa_amr_claims" ("session_id", "created_at", "updated_at", "authentication_method", "id") VALUES
	('efc767ea-8c3e-4e57-9d1b-4d8b31f6b849', '2025-11-04 23:18:43.030457+00', '2025-11-04 23:18:43.030457+00', 'password', '91894b23-79a0-42c0-9be0-d987bc9fa725'),
	('ae111b62-f5f1-4d63-a641-506290193da1', '2025-11-04 23:18:43.143769+00', '2025-11-04 23:18:43.143769+00', 'password', '881ed544-f9b3-4d5f-aa48-54217171c37e');


INSERT INTO "auth"."refresh_tokens" ("instance_id", "id", "token", "user_id", "revoked", "created_at", "updated_at", "parent", "session_id") VALUES
	('00000000-0000-0000-0000-000000000000', 35, 'dr2avzrwbf7y', 'fdc052e9-7fce-445a-ad86-c072b90cdd5f', false, '2025-11-04 23:18:43.02901+00', '2025-11-04 23:18:43.02901+00', NULL, 'efc767ea-8c3e-4e57-9d1b-4d8b31f6b849'),
	('00000000-0000-0000-0000-000000000000', 36, 'yyqzznezofbd', 'fdc052e9-7fce-445a-ad86-c072b90cdd5f', false, '2025-11-04 23:18:43.142448+00', '2025-11-04 23:18:43.142448+00', NULL, 'ae111b62-f5f1-4d63-a641-506290193da1');

INSERT INTO "public"."profiles" ("id", "display_name", "created_at", "updated_at") VALUES
	('172819f2-39f0-4e51-8ab2-ede83b51f8d8', 'Grzegorz', '2025-10-28 15:26:13.876372+00', '2025-10-28 15:26:13.876372+00'),
	('fdc052e9-7fce-445a-ad86-c072b90cdd5f', 'Testowy', '2025-11-04 23:18:43.05256+00', '2025-11-04 23:18:43.05256+00');

